p0,p1,p2,p3,objective,elapsed_sec
64,cores,close,dynamic,6.67,21.309030771255493
256,sockets,spread,dynamic,6.19,35.30785083770752
256,cores,close,static,6.262,49.308449029922485
