input,p0,p1,p2,p3,p4,p5,p6,p7,objective,elapsed_sec
10000000,8,128, , ,2,96,cores,balanced,26.59337,46701.32058095932
